account,ownedStake
flaxz.alive,"97019,0"
jlufer,"76307,24"
hafiz34,"56207,313"
aliveprojects,"56035,787"
iamalivechalleng,"53459,4012"
iamraincrystal,"49215,8453"
lukeisalive,"32178,746"
bradleyarrow,"25115,8585"
gurseerat,"23267,1403"
masoom,"20685,773"
zombiepatrol,"20000,0"
maddogmike,"17079,8193"
kingneptune,"15763,062"
darmst5339,"13652,829"
imfarhad,"11751,828"
jimmy.adames,"10995,172"
primersion,"10000,0"
hive-112281,"9644,5419"
harpreetjanda,"9590,956"
edgerik,"9369,428"
alive.chat,"8867,181"
thisisawesome,"8609,8735"
ironshield,"7632,4684"
aliveandthriving,"7493,8219"
d00k13,"6558,913"
captain.alive,"6035,068"
benthomaswwd,"5827,2174"
hive.pizza,"5778,674"
lisamgentile1961,"5311,141"
ddn688,"5081,035"
flaxz,"5055,5"
elianaicgomes,"5028,801"
yeckingo1,"5001,2708"
flaxz.ctp,"5000,3"
invest-time,"4784,128"
saboin.alive,"4746,211"
twicejoy,"4695,7075"
ana-maria,"4322,903"
alokkumar121,"4306,494"
justclickindiva,"4237,864"
awah,"4146,8319"
daniky,"4118,5412"
mypathtofire,"4057,6264"
raishmi,"3934,666"
chapelle,"3605,7702"
stickupboys,"3550,185"
magicalive,"3236,0274"
rcaine,"3216,4954"
mintfinch,"3173,5902"
globetrottergcc,"3083,8904"
davidxxl,"3064,6131"
gank,"2956,493"
dibblers.dabs,"2934,3693"
heartbeatonhive,"2804,4696"
ben.haase,"2789,5536"
griega,"2626,308"
toekins,"2516,54"
manuvert,"2505,1363"
liotes.alive,"2404,6195"
guurry123,"2337,412"
kaseldz,"2305,935"
hoosie,"2261,5169"
b4phom3t,"2201,457"
tokenpimp,"2146,929"
newigennity,"2042,0662"
ilovewintergem,"2027,338"
merthin,"2021,252"
valentin86,"2003,525"
mlrequena78,"1886,651"
wrestlingdesires,"1860,341"
hirohurl,"1806,2831"
myupvote2u,"1770,508"
chireerocks.live,"1691,983"
captaincryptic,"1605,34"
wdougwatson,"1600,228"
vickoly,"1575,087"
mk992039,"1551,641"
johnsdowie,"1551,201"
tdctunes,"1504,0"
holovision.cash,"1484,8037"
elizabetamt,"1469,2222"
epic-fail,"1437,5908"
jacoalberts,"1412,1548"
pedrobrito2004,"1406,5188"
mervinthepogi,"1267,024"
rickardoh,"1251,013"
alzee,"1246,6427"
hive.phyowinkoko,"1232,682"
hivetrending,"1226,289"
rachaeldwatson,"1202,413"
samsmith1971,"1167,238"
johnandgrace,"1128,915"
lolz.alive,"1123,2725"
rarej,"1114,848"
lightcaptured,"1100,5872"
dreamingirwin,"1090,646"
andy-plays,"1088,028"
tunnelmotions,"1071,085"
icon-bassey,"1066,063"
forykw,"1055,348"
stdd,"1029,5026"
pinkhub,"1028,405"
russellstockley,"1023,608"
howyf2,"1020,408"
savvyplayer,"1019,0"
badpupper,"1014,696"
pixiepost,"1012,347"
madushanka,"1011,5"
ianmcg,"1002,116"
floki-skarsgaard,"1001,967"
voltagrou,"1000,1"
amedhya,"1000,03"
iviaxpow3r,"1000,0"
criptosectadepit,"1000,0"
imagenius.dac,"1000,0"
smallboost,"1000,0"
celf.support,"1000,0"
alovely088,"921,607"
tydynrain,"901,7266"
chocolatescorpi,"879,506"
yousafharoonkhan,"875,435"
luckyali,"874,635"
steemer-sayu907,"874,635"
aunik,"874,635"
ennydee,"874,635"
captain-sam,"874,635"
oredebby,"874,635"
hykss,"852,085"
rbhayes,"822,213"
assassyn,"788,6958"
bardobrujo,"767,479"
sabihaislam,"733,158"
jeanlucsr,"725,619"
onewolfe,"713,787"
chireerocks,"676,79"
femcy-willcy,"647,956"
voltz-blag,"645,691"
old-man-chu58,"644,3158"
sharkthelion,"616,113"
adysscheryl,"587,621"
alente,"586,108"
dailygiveaways,"571,048"
cryptohaytham,"566,161"
supriya.gupta1,"564,154"
cooperclub,"552,125"
marshmellowman,"543,494"
yhuddee111,"534,21"
k-banti,"534,144"
jfang003,"529,5575"
imno,"525,737"
tokutaro22,"522,213"
theroad2freedom,"521,03"
germangenius,"514,448"
flemingfarm,"500,1"
meanbees,"500,0"
ekushya,"481,082"
amberkashif,"469,63"
generra-abraham,"460,978"
torrey.blog,"458,253"
amphlux,"457,493"
successchar,"453,941"
invest4free,"450,225"
bonnie30,"446,317"
saachi.list,"440,427"
master-lamps,"398,511"
l337m45732,"392,767"
lebah,"386,456"
nuthman,"383,569"
psimpson67,"381,002"
chmoen,"368,209"
ericburgoyne,"363,402"
leemah1,"360,526"
davidthompson57,"356,6648"
hivecoffee,"350,823"
greensempire,"345,973"
stevermac1966,"344,4331"
servelle,"343,7543"
gadrian,"342,4044"
uyobong,"340,6"
ekushya.ctp,"339,658"
aslehansen,"331,4"
learningenglish,"323,852"
makerhacks,"319,841"
engilhramn,"306,6884"
elbrava,"299,972"
nathanmars,"296,891"
robert0z,"296,0759"
scottrohn,"293,314"
starstrings01,"291,945"
bigtakosensei,"291,845"
tomlee,"291,645"
bonnierroberts,"291,545"
mamasez,"291,545"
mirroredspork,"291,362"
matthew1,"286,32"
gidien,"278,048"
agog,"275,969"
juanmiguelsalas,"275,622"
gestion.alive,"272,711"
cryptospa,"266,634"
definethedollar,"250,214"
rosmadirazali,"241,648"
elricmoonslayer,"236,127"
serhotest,"236,0138"
lifeskills-tv,"234,33"
duke77,"232,7438"
felixgarciap,"231,7964"
zottone444,"231,536"
reeta0119,"230,707"
denmarkguy,"227,3463"
jishan5,"223,099"
forsakensushi,"214,995"
beststart,"212,212"
biglove,"207,476"
dirkzett,"207,4335"
cookaiss,"204,489"
bructp,"203,8737"
yintercept,"203,281"
heruvim1978,"202,818"
gondek,"201,6733"
honeysaver.fund,"201,4781"
syllem,"201,348"
mushanov,"200,2"
solymi,"199,075"
sanelica81,"196,332"
dadspardan,"192,239"
brofi,"189,247"
chuiiiiiiii,"188,187"
saboin,"183,825"
mytechtrail,"179,2663"
magicbeans,"178,194"
pixelfan,"177,4746"
nerdylens,"175,013"
martusamak,"172,4118"
dkid14,"170,111"
ctpsb,"168,561"
magic.alive,"166,843"
k5905200786,"166,7747"
monsterjamgold,"164,785"
xyzashu,"162,917"
mybiel,"161,306"
pizzabot,"160,729"
kokyi,"158,263"
blainjones,"157,609"
salexa5,"153,972"
peter-stone,"151,821"
maverickinvictus,"151,68"
fiberfrau,"151,4364"
ayhamyou,"150,934"
taskmaster4450,"149,472"
shadowspub,"149,216"
roger5120,"148,672"
jonsnow1983,"148,272"
ghcamry,"147,272"
qurator,"147,172"
obrisgold1,"147,172"
chronocrypto,"146,788"
lebey1,"146,672"
rem-steem,"146,593"
eliydrakes,"146,372"
rmsadkri,"146,372"
niallon11,"146,172"
sandymeyer,"146,072"
dmilliz,"145,972"
cryptoandcoffee,"145,972"
isabelpena,"145,972"
cruis,"145,972"
fabian98,"145,872"
jersteemit,"145,872"
marvyinnovation,"145,872"
gungunkrishu,"145,872"
david.dicotomia,"145,872"
mariannewest,"145,872"
sgbonus,"145,872"
linco,"145,872"
bimpcy,"145,872"
ackza,"145,872"
ladygospel,"145,872"
crystalwills,"145,872"
singhsweety189,"145,872"
crypto-dz,"145,872"
bvijay,"145,872"
rafaeleff15,"145,872"
paulag,"145,872"
faraicelebr8,"145,854"
blokz,"145,828"
the-sports-nerd,"145,772"
steemincome,"145,772"
smartintravels,"145,772"
voclab,"145,772"
wanasoloben,"145,772"
slackerman,"145,772"
steem-key,"145,772"
usenflourish,"145,772"
willspatrick,"145,772"
trumpman2,"145,772"
unyime1,"145,772"
uniquechallenges,"145,772"
thecrytotrader,"145,772"
suffgrace,"145,772"
zellypearl,"145,772"
toufiq777,"145,772"
sumit71428,"145,772"
tariqul.bibm,"145,772"
techbizgeek,"145,772"
theycallmedan,"145,772"
videosteemit,"145,772"
newageinv,"145,772"
sigskeie,"145,772"
deputycowboy,"145,772"
earnlogy,"145,772"
dowie,"145,772"
doana1,"145,772"
distinction001,"145,772"
dimsyto,"145,772"
dijin,"145,772"
dexpartacus,"145,772"
debbyola,"145,772"
eldecor,"145,772"
dawnndusk,"145,772"
dareey12,"145,772"
damonmcnair,"145,772"
dallas27,"145,772"
cutefantasy,"145,772"
curtawakening,"145,772"
cryptoknight12,"145,772"
eddyeshiet,"145,772"
elizacheng,"145,772"
imaluv54,"145,772"
fermionico,"145,772"
iamjohn,"145,772"
holuseyi,"145,772"
hertz.rhb,"145,772"
shemzy32,"145,772"
greatness96,"145,772"
goofy420,"145,772"
glotokens,"145,772"
femorano,"145,772"
emmanuel-pade,"145,772"
febbykeys,"145,772"
faisalamin,"145,772"
exavil,"145,772"
evegrace,"145,772"
esomchi,"145,772"
erikklok,"145,772"
enivelo,"145,772"
cryptoeater,"145,772"
cruisin,"145,772"
coyotelation,"145,772"
aricheta,"145,772"
ayoyemi1,"145,772"
ayorae,"145,772"
atrina,"145,772"
asad44,"145,772"
aryankk,"145,772"
arslan102,"145,772"
arrliinn,"145,772"
animal-shelter,"145,772"
chimchi1000,"145,772"
angelica7,"145,772"
ange.nkuru,"145,772"
andrewn,"145,772"
amr008,"145,772"
alokkumar121.ctp,"145,772"
adritaa,"145,772"
adedoyin-g,"145,772"
babeltrips,"145,772"
babylove5,"145,772"
bagofincome,"145,772"
behiverctp,"145,772"
cherrypee,"145,772"
charlesgoldie,"145,772"
caroline675,"145,772"
captainbob,"145,772"
bulldog-joy,"145,772"
bryandivisions,"145,772"
brooklindt,"145,772"
brianoflondon,"145,772"
botony,"145,772"
bolabose,"145,772"
blisssss11,"145,772"
bizventures,"145,772"
bitcoinman,"145,772"
bishopntuk,"145,772"
bennysparks,"145,772"
imadear,"145,772"
hafizullah,"145,772"
improbableliason,"145,772"
mllg,"145,772"
praise-eu,"145,772"
pixiedust4u,"145,772"
peterjaphet,"145,772"
perosky1,"145,772"
pejupops,"145,772"
peacewealth,"145,772"
paulnulty,"145,772"
ospro,"145,772"
onyeoga,"145,772"
ononnaa,"145,772"
ola96,"145,772"
oja-venture,"145,772"
niffybay,"145,772"
nicollefiallo,"145,772"
netaterra,"145,772"
irvinc,"145,772"
motun,"145,772"
prechyrukky,"145,772"
prince10,"145,772"
purepinay,"145,772"
roseberry,"145,772"
sharkstudio,"145,772"
shadowayiti,"145,772"
sbaby,"145,772"
sardar-sani,"145,772"
sahitya2702,"145,772"
sahilgupta,"145,772"
royalsam,"145,772"
rosanita,"145,772"
ralphsam2,"145,772"
romiz.amin,"145,772"
rishabh99946,"145,772"
ridoykhan22,"145,772"
richardtaylor,"145,772"
respuestastodos,"145,772"
reefe,"145,772"
razack-pulo,"145,772"
mohammadfaisal,"145,772"
naturereality,"145,772"
mjlipsey3018,"145,772"
khalil319,"145,772"
jinicharley2020,"145,772"
joebboy,"145,772"
joswag,"145,772"
joy-only-joy,"145,772"
julitimzy,"145,772"
jennawash5,"145,772"
missagora,"145,772"
kennyroy,"145,772"
kevin.cron,"145,772"
jeddiekay,"145,772"
kevinli,"145,772"
jearyjoe,"145,772"
khalctp,"145,772"
jangle,"145,772"
kings247,"145,772"
lizaboss,"145,772"
maaz23,"145,772"
mariez,"145,772"
janetlegere,"145,772"
marleyn,"145,772"
martinsworld,"145,772"
mhizerbee,"145,772"
michaelugom,"145,772"
jan.kretschmer,"145,772"
jerichternida,"145,772"
thegoliath,"140,9"
cryptonotes,"132,8793"
blue.rabbit,"132,488"
arpuch,"124,9526"
bilpcoinbot,"123,25"
scoutroc,"123,133"
ycgg,"119,48"
yuzana,"119,178"
remaerdotpyrc,"118,5445"
myanmarkoko,"118,5"
fnvdesigns,"114,3099"
athomewithcraig,"113,101"
jfuji,"106,9"
cmmndrbawang,"105,7105"
ganjafarmer,"104,955"
elkingplayer,"104,535"
wagyutrader,"103,632"
risingstarpool,"102,953"
pompeylad,"101,436"
jeevesyboy,"101,227"
bambukah,"101,225"
ewkaw,"101,173"
tjnew14,"100,53"
uggya,"100,3424"
wiljman76,"100,3"
doctorfate,"100,184"
mdrasel442,"96,155"
indiebandguru,"94,606"
poshtoken,"93,716"
steem82868,"87,7233"
pinkfloyd878,"83,325"
realsort,"81,08"
iamjabez,"77,5892"
tosolini,"75,1"
candnpg,"74,377"
my1440,"72,109"
trentonlundy1,"69,474"
pagane,"66,136"
thehive,"65,508"
nahueldare3627,"65,2174"
marvinix,"64,226"
littlebee4,"64,1509"
anderssinho,"61,522"
emaxisonline,"59,915"
markhodge,"59,226"
ijat,"58,915"
terapallo,"58,457"
akumagai,"57,908"
plint,"56,202"
sandraa1,"55,802"
hive-199275,"55,486"
hariton,"53,6"
sinistry,"53,159"
hiveboost,"53,109"
thranax,"53,013"
braaiboy,"52,9261"
nastyforce,"52,0"
kcgm,"51,688"
dragokazo,"51,199"
ayesha-malik,"50,938"
bilpcoinbpc,"50,814"
alinalazareva,"50,7589"
mariya36,"50,1"
erhan92,"50,1"
pablodare,"49,3471"
birdbeaksd,"48,932"
bananofarmer,"48,583"
neoxian,"48,451"
xplosive,"48,13"
atomcollector,"47,846"
barski,"46,445"
petertag,"45,668"
actifraenk,"45,0851"
tanjakolader,"44,724"
potta,"44,076"
itharagaian,"43,5994"
pregosauce,"43,507"
lv99-rd-chocobo,"42,7439"
mspbro,"41,545"
achim03,"41,1"
allonyx.ngs,"40,248"
lolz.devs,"39,7198"
thisismylife,"39,001"
kevinnag58,"37,537"
untzuntzuntz,"37,162"
shinyobjects,"36,725"
brutalmonkey,"35,715"
dstampede,"34,8897"
hucksbucks,"33,923"
hivebuzz,"31,7"
cuddlekitten,"31,626"
bilpcoin,"31,0"
leoneil,"30,837"
lolz.oneup,"30,048"
trashyomen,"28,771"
cliffagreen,"28,212"
lolzbot,"27,1431"
darkflame,"26,74"
assasinos3,"25,917"
krakonos,"25,1"
remaerd2ndacct,"23,873"
chaosmagic23,"23,223"
dmhafiz,"23,1"
dubble,"23,026"
quinnertronics,"22,553"
farhansadik2,"22,0"
otuyanancy,"22,0"
priyanarc,"21,6"
jsynnthagr8,"20,022"
fredfettmeister,"20,0"
ninjamike,"19,384"
williamtboy,"18,7"
projectmamabg,"18,27"
generikat,"18,0"
mehmetfix,"18,0"
dajokawild,"17,88"
sergey44,"17,7"
andyplays,"17,225"
antisocialist,"17,1793"
amakauz,"17,1"
stewie.wieno,"17,05"
mauriciolimax,"16,698"
amaillo,"16,546"
krevasilis,"16,268"
failingforwards,"16,217"
rzc24-nftbbg,"16,135"
choco11oreo11,"16,0"
supriya.gupta,"16,0"
superxsymbiote,"15,848"
bobthebuilder2,"15,443"
jmis101,"15,4"
littlenewthings,"15,3"
kevmcc,"15,2"
darmstrong,"15,1992"
lolztoken,"15,102"
phoenixwren,"15,065"
playbyhive,"14,922"
gratitudemine,"14,841"
papilloncharity,"14,734"
kehrwoche,"14,6747"
soyunasantacruz,"14,381"
memess,"13,976"
amaari,"13,857"
cpol,"13,74"
fragozar01,"13,7"
r1s2g3,"13,7"
adityajainxds,"13,1685"
rs405,"13,074"
tengolotodo,"13,015"
middle-earthling,"12,3226"
soulsdetour,"12,2"
itsostylish,"12,2"
libertysports27,"12,019"
beeminer,"11,959"
nietokilll,"11,918"
holoferncro,"11,9"
kaniz,"11,705"
vikingingergiant,"11,688"
tattoodjay,"11,676"
thaddeusprime,"11,6388"
demotry,"11,54"
arena10,"11,521"
freeads.club,"11,357"
metzli,"11,045"
gillianpearce,"10,98"
hhayweaver,"10,786"
ravenmus1c,"10,69"
steevc,"10,336"
amirtheawesome1,"10,3"
robwillmann,"10,3"
mineopoly,"10,216"
jaopalas,"10,2"
infinitytcg,"10,2"
bombus,"10,057"
myrv,"10,0"
agreste,"9,9817"
jongolson,"9,9"
da-prince,"9,894"
methodofmad,"9,89"
dreemsteem,"9,8"
cryptokim03,"9,715"
dlmmqb,"9,376"
oneup-cartel,"9,372"
dunksocial,"9,1"
hollowknightgod,"9,048"
nobutsd1974,"8,925"
jane1289,"8,8581"
ecency,"8,8"
thequizshow,"8,519"
ahmadmangazap,"8,4"
josman831,"8,3"
woodathegsd,"8,149"
justice007,"8,1"
tampilyne,"7,893"
brando28,"7,8911"
henruc,"7,8033"
m3ss,"7,652"
bencwarmer,"7,4"
thinkrdotexe,"7,31"
oadissin,"7,225"
alex2alex,"7,2105"
ehizgabriel,"7,1"
gwajnberg,"7,055"
happyme,"7,0"
ziabutt3836,"6,8"
elyelma,"6,7936"
bhelatnasudepan,"6,6"
zolajade,"6,589"
luvshares,"6,332"
eii,"6,1"
khoola,"6,022"
ecto1337,"5,968"
merit.ahama,"5,9"
victorbch,"5,892"
nkemakonam89,"5,8"
cryptofiloz,"5,8"
ivarbjorn,"5,739"
cryptoplanetbg,"5,701"
operahoser,"5,671"
tagmout,"5,547"
deeanndmathews,"5,5"
photofeed,"5,5"
rayius,"5,436"
zakludick,"5,427"
angie08,"5,4"
bozz,"5,4"
mawit07,"5,3"
derppunk,"5,206"
emeka4,"5,1"
huckleberrie,"5,0"
silverquest,"5,0"
djtrucker,"5,0"
new.things,"5,0"
whywhy,"4,937"
florenceboens,"4,9137"
iceman23,"4,802"
m0rph,"4,8"
mojicap,"4,8"
hurtlocker,"4,7491"
isiksenpalvoja,"4,7458"
ifarmgirl,"4,7"
ilap,"4,665"
thecryptopimp,"4,609"
mateodm03,"4,6"
rentaw03,"4,6"
poliac,"4,6"
nyinyiwin,"4,555"
buzzgoblin,"4,498"
lesmann,"4,4"
khaleesii,"4,4"
coquicoin,"4,4"
titly,"4,4"
rgondie,"4,337"
cryptoniusrex,"4,317"
apoloo1,"4,306"
wil.metcalfe,"4,3"
cybercrypt0,"4,3"
bananasfallers,"4,2896"
iskafan,"4,2"
maarnio,"4,2"
traciyork,"4,154"
zfg,"4,043"
yeti72,"3,94"
misterc,"3,914"
hivebg,"3,867"
wanderingmoon,"3,816"
ph1102,"3,8"
nasfyneboy92,"3,8"
luizeba,"3,8"
blumela,"3,749"
deraaa,"3,7"
hive-data,"3,7"
melinda010100,"3,676"
luueetang,"3,6"
pensieristupendi,"3,587"
atma.love,"3,507"
namelessnameless,"3,5"
heskay,"3,5"
madmanmusic,"3,5"
myjob,"3,5"
apprentice001,"3,5"
joseph23,"3,484"
blitzzzz,"3,4"
siramadeus,"3,4"
jayna,"3,4"
felipejoys,"3,3"
practicaleric,"3,3"
davidbright,"3,3"
bhattg,"3,222"
litguru,"3,2"
rnabc1,"3,192"
cryptogod1,"3,174"
h3m4n7,"3,16"
therneau,"3,1"
risingstargame,"3,1"
consciouscat,"3,1"
anonymous02,"3,1"
beeber,"3,1"
cmplxty,"3,056"
alejoca,"3,0"
akinolawilly,"2,972"
mchero,"2,958"
vibrokinetic,"2,921"
blackdaisyft,"2,9"
shollywills,"2,9"
curatorcat.pal,"2,82"
maurojd,"2,81"
monochromes,"2,8"
collinz,"2,8"
fredkese,"2,8"
bluefinstudios,"2,746"
joetunex,"2,7"
lolxsbudoy,"2,7"
gregory-f,"2,648"
paulmoon410,"2,647"
hive-143869,"2,6342"
chincoculbert,"2,6"
lorddiablo,"2,6"
friendlymoose,"2,6"
bucipuci,"2,6"
taskmaster4450le,"2,6"
myeong,"2,6"
mondhero,"2,533"
synergie,"2,5156"
poprzeczka,"2,5"
donpapy,"2,5"
leedsunited,"2,5"
c3r34lk1ll3r,"2,494"
ultratrain,"2,4843"
mimismartypants,"2,47"
mistural,"2,459"
sadheaven,"2,448"
lordtimoty,"2,434"
ynwa.andree,"2,4"
dswigle,"2,4"
celi130,"2,4"
hive-135376,"2,4"
maxgolden,"2,4"
pixresteemer,"2,4"
alexvan,"2,388"
lollipopred,"2,362"
revideogf,"2,312"
dyson-the-booper,"2,3"
cezary-io,"2,3"
svanbo,"2,3"
macfit,"2,3"
gracielaacevedo,"2,3"
tygertyger,"2,2585"
beyondhorizonmm,"2,25"
darmianto5,"2,237"
theinkwell,"2,2"
kenechukwu97,"2,2"
penderis,"2,2"
ykretz.leo,"2,181"
thealliance,"2,147"
snook,"2,138"
fabyusa72,"2,135"
yieldgrower,"2,131"
jdike,"2,1"
jaxsonmurph,"2,1"
dirego1,"2,1"
misslasvegas,"2,1"
sharmanhd,"2,1"
freed99,"2,1"
coolguy222,"2,1"
kolkamkwan,"2,1"
temmylade,"2,1"
kojiri,"2,1"
darmst,"2,0943"
bokica80,"2,044"
kizunasport,"2,009"
revideofg,"2,0"
photonium,"2,0"
bilpcoinrecords,"2,0"
lokywolf2295,"2,0"
liotes,"2,0"
astrocat-3663,"2,0"
mario02,"1,978"
venan,"1,97"
castleberry,"1,929"
mango-juice,"1,929"
senalove,"1,9"
preshtrump99,"1,9"
templeflower,"1,9"
honeysaver,"1,9"
joalheal,"1,9"
padreelferenco,"1,895"
trayan,"1,891"
marshalmugi,"1,887"
karmaa13,"1,856"
cryptoalvirin,"1,8413"
metapiziks,"1,822"
creodas,"1,816"
arcange,"1,8"
fatimajunio,"1,8"
glimpsytips,"1,8"
libertycrypto27,"1,8"
chandorepraj,"1,8"
rayt2,"1,8"
princekham,"1,785"
olaunlimited,"1,772"
rentmoney,"1,7"
kennysplash,"1,7"
maakue,"1,7"
shohana1,"1,7"
luba555,"1,7"
browery,"1,7"
alovely,"1,7"
reidenling90,"1,7"
princessbusayo,"1,7"
dotz132,"1,7"
actifit,"1,7"
dbuzz,"1,7"
samostically,"1,691"
penyaircyber,"1,675"
disi,"1,656"
nicklewis,"1,613"
acgalarza,"1,6"
agmoore,"1,6"
fairyberry,"1,6"
ctpchat,"1,6"
joanstewart,"1,6"
jin-out,"1,6"
raj808,"1,6"
racemlaadhar,"1,6"
rezoanulvibes,"1,6"
dontcare89,"1,541"
firstborn.pob,"1,539"
b0s,"1,5"
hopestylist,"1,5"
danmaruschak,"1,5"
quduus1,"1,5"
jesustiano,"1,5"
kemmyb,"1,5"
crrdlx,"1,5"
marcinxyz,"1,5"
noctury,"1,447"
esecholito,"1,446"
adoore-eu,"1,4"
doziekash,"1,4"
ablaze,"1,4"
jessicaossom,"1,4"
daniella619,"1,4"
mmykel,"1,4"
indiaunited,"1,4"
wesphilbin,"1,4"
burlarj,"1,4"
zirochka,"1,4"
kaerpediem,"1,4"
rafasete,"1,4"
nane-qts,"1,368"
decentropia,"1,3"
repayme4568,"1,3"
galenkp,"1,3"
umirais,"1,3"
tommyl33,"1,3"
eco-alex,"1,3"
liftslikealady,"1,3"
monica-ene,"1,3"
igormuba,"1,294"
riandeuk,"1,275"
johnripper,"1,269"
felt.buzz,"1,212"
dagz,"1,2"
mba2020,"1,2"
sommylove,"1,2"
leifasaur,"1,2"
grocko,"1,2"
sukmhaske,"1,2"
pappyelblanco,"1,2"
jamerussell,"1,2"
momogrow,"1,2"
city-bounter,"1,2"
rtonline,"1,2"
henry897,"1,2"
chetanmann,"1,2"
brittandjosie,"1,2"
freewritehouse,"1,2"
steemmonsters,"1,2"
queenstarr,"1,192"
guruvaj,"1,165"
entraide.rewards,"1,135"
maciejficek,"1,128"
lemouth,"1,116"
pravesh0,"1,11"
chefbgob,"1,102"
shanibeer,"1,1"
anikekirsten,"1,1"
las3rbone,"1,1"
tangmo,"1,1"
wearealive,"1,1"
btcsam,"1,1"
scholaris,"1,1"
buckaroobaby,"1,1"
fantom22,"1,1"
internutter,"1,1"
kelseyimoh,"1,1"
youngelder,"1,1"
lordanquek,"1,1"
risingkhushboo,"1,1"
naythan,"1,083"
enginewitty,"1,08"
nilomck1,"1,033"
marvan777,"1,026"
dbooster,"1,015"
hive-117638,"1,008"
readthisplease,"1,002"
zyzymena,"1,0"
racheladeline,"1,0"
shimbodoesart,"1,0"
dsc-r2cornell,"1,0"
ahmadmanga,"1,0"
thehoneypot,"1,0"
kawsar8035,"1,0"
enjoywithtroy,"1,0"
cardtrader,"1,0"
rampage2231,"1,0"
adeife2,"1,0"
youarealive,"1,0"
abmakko,"1,0"
grecki-bazar-ewy,"1,0"
kraken99,"0,993"
femcy-willy,"0,95"
braveboat,"0,945"
tabs1250,"0,941"
shinoxl,"0,941"
w1tty,"0,935"
wittyzell,"0,9"
combination,"0,9"
derfabs,"0,9"
jagmeet12,"0,9"
diyhub,"0,9"
brofund,"0,9"
nysster,"0,9"
sentipl,"0,9"
eylz619,"0,9"
dwarflordnoj,"0,9"
pibara,"0,9"
kryptodenno,"0,9"
slobberchops,"0,9"
johnuko,"0,9"
ecoinstats,"0,9"
xchng,"0,9"
claudio83,"0,9"
ovey10,"0,9"
thebeardflex,"0,9"
gracepro,"0,9"
finguru,"0,9"
mad-runner,"0,9"
drunksamurai,"0,9"
cryptosimplify,"0,886"
vaipraonde,"0,847"
thekittygirl,"0,844"
joydukeson,"0,817"
ykretz.sports,"0,8"
thx.bht,"0,8"
isnochys,"0,8"
debyfunmi,"0,8"
homesteadlt,"0,8"
riverflows,"0,8"
trucklife-family,"0,8"
dynamicrypto,"0,8"
drabs587,"0,8"
ferod23,"0,8"
hjrrodriguez,"0,8"
noelgamingtv,"0,8"
callisto24,"0,8"
makhinoo,"0,8"
asakasa,"0,8"
camillecrls629,"0,8"
lookingforspace,"0,8"
silversaver888,"0,8"
kpreddy,"0,8"
chanmaly,"0,8"
talesfrmthecrypt,"0,8"
driptorchpress,"0,772"
numasi,"0,756"
finris,"0,735"
zonadigital21,"0,729"
trincowski,"0,723"
coolguy123,"0,709"
tobywalter,"0,7"
mcsamm,"0,7"
no-advice,"0,7"
botefarm,"0,7"
thatcryptodave,"0,7"
capcwrites17,"0,7"
marbrym,"0,7"
diebitch,"0,7"
ezun1,"0,7"
saimaali,"0,7"
abh12345,"0,7"
magnacarta.buzz,"0,7"
curangel,"0,7"
sk1920,"0,7"
ocd,"0,7"
rynow,"0,7"
bala41288,"0,7"
aweee,"0,7"
amirreza008r,"0,7"
siberian12,"0,7"
esther-emmanuel,"0,7"
calumam,"0,7"
phendx,"0,7"
stickupcurator,"0,7"
dedoverde,"0,696"
astym,"0,6955"
nathen007,"0,661"
iceledy,"0,6588"
vaynard86,"0,6488"
churchoftheway,"0,641"
adcreatordesign,"0,637"
kwskicky,"0,63"
buffalobison,"0,603"
cathgothard,"0,6"
nonsowrites,"0,6"
jacuzzi,"0,6"
eollarvesm,"0,6"
vrezion,"0,6"
christina-madart,"0,6"
ekotmordemy,"0,6"
deepresearch,"0,6"
filosof103,"0,6"
inthenow,"0,6"
kerrislravenhill,"0,6"
acesontop,"0,6"
psyberx,"0,6"
ezunjoshy,"0,6"
kei2,"0,6"
prechidi,"0,6"
killerwot,"0,6"
juanvegetarian,"0,6"
eirik,"0,6"
mizuosemla,"0,6"
stefano.massari,"0,6"
kiel91,"0,6"
lovewater66,"0,6"
blezyn,"0,6"
casimirio,"0,6"
cryptounicorn420,"0,6"
eddie-earner,"0,6"
flamistan,"0,6"
ctptalk,"0,6"
falcout,"0,6"
thoughtfulposts,"0,6"
hive-179017,"0,6"
dobro2020,"0,6"
bearmol,"0,6"
mipiano,"0,6"
ponmile22222,"0,6"
witnessbot,"0,6"
comet.ranker,"0,6"
captainspaulding,"0,6"
captainquack22,"0,6"
aschatria,"0,6"
eddiesun,"0,6"
bitcoinflood,"0,6"
jaylatour,"0,6"
mrenglish,"0,6"
vokus,"0,586"
papacrusher,"0,58"
geom,"0,576"
phusionphil,"0,576"
bobaphet,"0,57"
cliffblank,"0,5697"
lxsxl,"0,5659"
mein-senf-dazu,"0,526"
johndieo,"0,514"
litkitdiginews,"0,51"
dwixer,"0,5"
racibo,"0,5"
thecuriousfool,"0,5"
danideuder,"0,5"
facu03,"0,5"
katleya,"0,5"
andy4475,"0,5"
iyiolamitide,"0,5"
trippymane,"0,5"
tarazkp,"0,5"
fionasfavourites,"0,5"
lowjab1,"0,5"
faucetb2002,"0,5"
hazem91,"0,5"
nitasew1995,"0,5"
ecoinstant,"0,5"
astrocreator,"0,5"
ervin-lemark,"0,5"
andrastia,"0,5"
kamalhs,"0,5"
ruralio,"0,5"
susurrodmisterio,"0,5"
jerrythefarmer,"0,5"
zeraton,"0,5"
pundito,"0,5"
erh.germany,"0,5"
camthecreator,"0,5"
mercysalifu,"0,5"
indayclara,"0,5"
ptaku,"0,5"
funshee,"0,5"
failingforward,"0,5"
ellizbeth,"0,5"
kaelci,"0,5"
director.rar,"0,5"
zekepickleman,"0,5"
asia-pl,"0,5"
diamondcare,"0,5"
katerinaramm,"0,5"
pele23,"0,5"
etorobong,"0,5"
clarysa,"0,5"
sayee,"0,5"
kgakakillerg,"0,5"
harlowjourney,"0,5"
trifecta-tt,"0,5"
olgavita,"0,5"
camiloferrua,"0,5"
drceeyou,"0,5"
kamarah,"0,5"
peterale,"0,5"
crazy-andy,"0,5"
bonzopoe,"0,5"
adncabrera,"0,5"
dwinblood,"0,48"
vintherinvest,"0,473"
wwwiebe,"0,454"
erricburgoyne,"0,414"
nayriti,"0,405"
smurf3r,"0,404"
ericbiurgoyne,"0,4026"
saffisara,"0,402"
jugnoo,"0,4"
adriangamerxd,"0,4"
marianomariano,"0,4"
isgledysduarte,"0,4"
loving-kindness,"0,4"
pardinus,"0,4"
nbarrios67,"0,4"
alekst7,"0,4"
midemanuel,"0,4"
ijohnsen,"0,4"
wrestorgonline,"0,4"
shubhwaj,"0,4"
cool08,"0,4"
tawadak24,"0,4"
ilodz24hd,"0,4"
token-thx,"0,4"
johnny023,"0,4"
scfather,"0,4"
hive-101679,"0,4"
zobanwosu,"0,4"
ladytitan,"0,4"
jonnycoin,"0,4"
thunderjack,"0,4"
successforall,"0,4"
dewabrata,"0,4"
dailyspam,"0,4"
wolfgangsport,"0,4"
caracasprin,"0,4"
improv,"0,4"
johannpiber,"0,4"
mezume,"0,4"
adedayoolumide,"0,4"
sperosamuel15,"0,4"
hiveslotgames,"0,4"
shariarahammad,"0,4"
popurri,"0,4"
wongi,"0,4"
shaka,"0,4"
mayorkeys,"0,4"
maxwellmarcusart,"0,4"
gasak,"0,4"
flauwy,"0,4"
adie44,"0,4"
anarkia,"0,4"
actioncats,"0,4"
asterkame,"0,4"
memeisfun,"0,4"
jacuiron,"0,4"
teerawith,"0,4"
luckylaica,"0,4"
xrayman,"0,4"
chinito,"0,4"
stormcharmer,"0,4"
cryptoniusraptor,"0,4"
enioj18,"0,4"
daltono,"0,4"
anacristinasilva,"0,4"
millycf1976,"0,4"
scubahead,"0,4"
stickupofficial1,"0,4"
peaq,"0,4"
palimanali,"0,4"
cescajove,"0,4"
somu04,"0,4"
jotakrevs,"0,4"
serving,"0,4"
manoldonchev,"0,4"
sebcam,"0,4"
marinmex,"0,4"
fulani,"0,4"
stickupmusic,"0,4"
elentogether,"0,4"
blueeyes8960,"0,4"
carrinm,"0,4"
ramadhanight,"0,4"
livinguktaiwan,"0,4"
kahkashan,"0,4"
manniman,"0,4"
redheadpei,"0,4"
nikoleondas,"0,4"
dayadam,"0,4"
vesytz,"0,4"
ksam,"0,4"
shiftrox,"0,4"
tpkidkai,"0,4"
windgirl,"0,4"
buezor,"0,4"
marcybetancourt,"0,4"
taufar,"0,4"
bloghound,"0,4"
canna-curate,"0,4"
mrprofessor,"0,4"
ricardoeloy,"0,4"
certain,"0,4"
blanchy,"0,4"
bat63,"0,4"
kassywally,"0,4"
rpren,"0,388"
saboin.pob,"0,382"
kimikimi,"0,382"
travelwritemoney,"0,352"
amigareaction,"0,352"
pistedaf1,"0,3366"
entrepidus,"0,311"
milabogomila,"0,306"
esecholo,"0,3002"
mrnightmare.net,"0,3"
itohowo,"0,3"
dele02,"0,3"
sigota,"0,3"
notak,"0,3"
ryzeonline,"0,3"
robibasa,"0,3"
clixmoney,"0,3"
skylinebuds-weed,"0,3"
hulyanggzx,"0,3"
taimen,"0,3"
daveks,"0,3"
nackasnelson,"0,3"
ekavieka,"0,3"
submo,"0,3"
stickupfilm,"0,3"
doubleworld,"0,3"
mrprofessordaily,"0,3"
dreemport,"0,3"
ambigenius,"0,3"
anicom,"0,3"
dragon-ti,"0,3"
ykdesign,"0,3"
bossel,"0,3"
trumpman,"0,3"
snowboarderpete,"0,3"
behiver,"0,3"
marianaemilia,"0,3"
jafo40,"0,3"
aplusd,"0,3"
elementm,"0,3"
teesuthee,"0,3"
silentwill,"0,3"
xawi,"0,3"
curatingunicorn,"0,3"
hive-world,"0,3"
ricestrela,"0,3"
mintrawa,"0,3"
alfarero,"0,3"
cabalcoffers,"0,3"
owasco,"0,3"
blind-spot,"0,3"
xoxois,"0,3"
bitandi,"0,3"
fattathelan,"0,3"
runridefly,"0,3"
ninahaskin,"0,3"
ghost.queen,"0,3"
gubbatv,"0,3"
micky-teflon,"0,3"
luhari,"0,3"
cloudblade,"0,3"
becca-mac,"0,3"
rafa1272,"0,3"
itzmejames,"0,3"
acidyo,"0,3"
teamuksupport,"0,3"
tarilayoung,"0,3"
hawaezada66,"0,3"
abigail04,"0,3"
smartgirl5,"0,3"
reineesmay,"0,3"
saachi,"0,3"
kyleana,"0,3"
s3rg4,"0,3"
bettogongora,"0,3"
myfreebtc,"0,3"
bdcommunity,"0,3"
efastromberg94,"0,3"
asherrobert,"0,3"
uop,"0,3"
newhope1988,"0,3"
curart38,"0,3"
kvinna,"0,3"
jlinaresp,"0,3"
ph1102.ctp,"0,3"
abrahaneverts1,"0,3"
epodcaster,"0,3"
evaredskin,"0,3"
curation-cartel,"0,3"
moonthumb,"0,3"
joelibra,"0,3"
nata86,"0,3"
princessj190,"0,3"
hivegifbot,"0,3"
celf.magazine,"0,3"
idspecial17,"0,3"
thorrey,"0,3"
badge-696969,"0,3"
morenow,"0,3"
eijibr,"0,3"
careassaktart,"0,3"
josie2214,"0,3"
melbourneswest,"0,3"
paradoxtma,"0,3"
belemo,"0,3"
frostyamber,"0,3"
tuocchu,"0,3"
positivesteem,"0,3"
tyraa,"0,3"
videoaddiction,"0,3"
clove71,"0,3"
kraaaaa,"0,3"
alexmag1988,"0,3"
aiuna,"0,3"
opinizeunltd,"0,3"
victoria95,"0,3"
drlobes,"0,3"
katrin-lux,"0,3"
masif122,"0,3"
deepspiral,"0,3"
toligate,"0,3"
nicholasrichards,"0,3"
sanjeevm,"0,3"
krrizjos18,"0,3"
davideownzall,"0,3"
mcyusuf,"0,3"
afterglow,"0,3"
foreverhero,"0,3"
scholaris.pob,"0,3"
sheikh27,"0,3"
stekene,"0,3"
olympicdragon,"0,3"
eythorphoto,"0,3"
axemaster88,"0,3"
thebalanceguy,"0,3"
celticheartbeat,"0,3"
desireeart,"0,3"
zwhammer,"0,3"
xabi,"0,3"
mistakili,"0,3"
jerrytsuseer,"0,3"
shikika,"0,3"
muelli,"0,3"
hatke,"0,3"
phortun,"0,3"
orah14,"0,3"
thurawinkyaw,"0,3"
cflclosers,"0,3"
sketchygamerguy,"0,3"
carys,"0,3"
hivebits,"0,3"
kristal24,"0,3"
cinygirl,"0,3"
dojeda,"0,3"
noakmilo,"0,3"
crazyphantombr,"0,3"
caimanx,"0,3"
wb73,"0,3"
specialfeelings,"0,3"
vimukthi,"0,3"
pousinha,"0,3"
shrazi,"0,3"
belhaven14,"0,3"
trostparadox,"0,3"
zuly63,"0,3"
paultactico2,"0,3"
tokenizedsociety,"0,3"
ragnarok.game,"0,3"
cst90,"0,3"
cyberstory,"0,2892"
sugandhaseth,"0,27"
bpcvoter,"0,267"
jakkal,"0,251"
eleazarvo,"0,249"
dystopia2030,"0,237"
rawadventuress,"0,2"
yakubenko,"0,2"
rebolegi,"0,2"
dlizara,"0,2"
explorewithsasha,"0,2"
vikthor,"0,2"
dannewton,"0,2"
pinkfurby,"0,2"
kyo-gaming,"0,2"
treasuree,"0,2"
suntree,"0,2"
sabajfa,"0,2"
zauberdiebin,"0,2"
romirspc,"0,2"
lozio71,"0,2"
pix21,"0,2"
golt,"0,2"
jasonmunapasee,"0,2"
bernice001,"0,2"
woelfchen,"0,2"
alonicus,"0,2"
strangegravy,"0,2"
hannahs.journey,"0,2"
fernanblog,"0,2"
bluemoon,"0,2"
ditoferrer,"0,2"
smokyice,"0,2"
macchiata,"0,2"
egboncass,"0,2"
gerrybaynes,"0,2"
spiritking,"0,2"
young-boss-karin,"0,2"
doze,"0,2"
sanjeev021,"0,2"
wazock,"0,2"
titasm700,"0,2"
lenaspiritual,"0,2"
gunhand,"0,2"
mxm0unite,"0,2"
crazy-bee,"0,2"
seancallow,"0,2"
roleerob,"0,2"
piratethanos,"0,2"
memess.curator,"0,2"
fotostef,"0,2"
be-alysha,"0,2"
cicisaja,"0,2"
lilideleopolis,"0,2"
attentionneeded,"0,2"
marioikada,"0,2"
jonimarqu,"0,2"
evan1,"0,2"
katharsisdrill,"0,2"
noahg,"0,2"
newbies-hive,"0,2"
film-my-parts,"0,2"
fery,"0,2"
the-last-elf,"0,2"
atongis,"0,2"
siphon.tribes,"0,2"
socbez1,"0,2"
citaamanda,"0,2"
bleuclair,"0,2"
winniecorp,"0,2"
ceec-nk,"0,2"
tertius,"0,2"
wojtekketjow,"0,2"
soldierofdreams,"0,2"
anaarevalo01,"0,2"
littlepiggies,"0,2"
bombaycrypto,"0,2"
theawesononso,"0,2"
manisha.jain9,"0,2"
clairemobey,"0,2"
henrietta27,"0,2"
ecotrain,"0,2"
bambuka,"0,2"
taco-pizza,"0,2"
merlylop,"0,2"
kingobonnaya,"0,2"
mechis85,"0,2"
henry.ndubuisi,"0,2"
vedarg,"0,2"
dealtokilate,"0,2"
lauramica,"0,2"
itzchemaya,"0,2"
uzuka,"0,2"
bhdc,"0,2"
barreloflaughs,"0,2"
news-poster,"0,2"
lapacodo,"0,2"
sergiomendes,"0,2"
otshotz,"0,2"
natalia-irish,"0,2"
gladymar1973,"0,2"
gituuuttt,"0,2"
swatisoni,"0,2"
sucal,"0,2"
merrymay22,"0,2"
nitsuga12,"0,2"
obsesija,"0,2"
chillyanca,"0,2"
iamsujith,"0,2"
zimnaherbata,"0,2"
idlemind,"0,2"
bertrayo,"0,2"
galbastiann,"0,2"
newenx,"0,2"
smoke02,"0,2"
rmach,"0,2"
crosheille,"0,2"
jhelbich,"0,2"
cryptoyzzy,"0,2"
linlove,"0,2"
sapphirekay,"0,2"
jacobtothe,"0,2"
brenlys2000,"0,2"
abidemiademok21,"0,2"
gejami,"0,2"
gamita-1,"0,2"
sholex94,"0,2"
writermaximus,"0,2"
gabmr,"0,2"
godwithus,"0,2"
didiee,"0,2"
elwnyx,"0,2"
tobetada,"0,2"
shamzy,"0,2"
maggotmilk,"0,2"
eforucom.spt,"0,2"
deocadesrashard,"0,2"
rick-scarrow,"0,2"
idiosyncratic1,"0,2"
gamemapmaker,"0,2"
spryquasar,"0,2"
teknohippy,"0,2"
nekbungoeng,"0,2"
bjyshadow,"0,2"
amyx,"0,2"
jacobpeacock,"0,2"
lbi-token,"0,2"
andrianna,"0,2"
oneray,"0,2"
imoabasi,"0,2"
nurudeen081,"0,2"
bacon-dub,"0,2"
jmehta,"0,2"
nilumadu,"0,2"
franksonia,"0,2"
emstone,"0,2"
brujita18,"0,2"
storiesoferne,"0,2"
luckyfish1,"0,2"
honestyy,"0,2"
lvl5mage,"0,2"
steemflow,"0,2"
ellenripley,"0,2"
gondrong,"0,2"
iyanpol12,"0,2"
ourfadedglory,"0,2"
bossideon,"0,2"
polaleye50,"0,2"
sportscurator,"0,2"
ambrosechappel,"0,2"
mvl2304,"0,2"
tin.aung.soe,"0,2"
blakem,"0,2"
themarkymark,"0,2"
mrnightmare89,"0,2"
theb0red1,"0,2"
hivepakistan,"0,2"
zeruxanime,"0,2"
bernaku,"0,2"
blewitt,"0,2"
joeth,"0,2"
davidwrite,"0,2"
eturnerx-dbuzz,"0,2"
iyimoga,"0,2"
cynshineonline,"0,2"
arcgspy,"0,2"
nongkamsailucky,"0,2"
flipflopcrypto,"0,2"
kayodeelijahade,"0,2"
selfhelp4trolls,"0,2"
occultis,"0,2"
siphon,"0,2"
optout,"0,2"
vyb.vyb,"0,2"
maryjacy,"0,2"
jetn,"0,2"
keltv,"0,2"
nilarwin,"0,2"
outlinez,"0,2"
abdul-qudus,"0,2"
almightymelon,"0,2"
cannabbee,"0,2"
johnjgeddes,"0,2"
renaessanceman,"0,2"
winly,"0,2"
fibra59,"0,2"
marc-allaria,"0,2"
actifit-peter,"0,2"
thecrazywarlock,"0,2"
leprechaun,"0,2"
batistebou,"0,2"
twicejoy2,"0,2"
aimee.tariq,"0,2"
kohsamui99,"0,2"
joshsticks28,"0,2"
hlezama,"0,2"
leveragetrading,"0,2"
subwaysurfer,"0,2"
behiverbee,"0,2"
yen1503,"0,2"
dynamichivers,"0,2"
hetty-rowan,"0,2"
nevies,"0,2"
hashkings,"0,2"
chesatochi,"0,2"
green77,"0,2"
adamada,"0,2"
gabrielatravels,"0,2"
lyon-89,"0,2"
achimmertens,"0,2"
amirhayat42,"0,2"
empress-eremmy,"0,2"
coffee247,"0,2"
nftstudios,"0,2"
lavino,"0,2"
vikbuddy,"0,2"
doriangel,"0,2"
restcity,"0,2"
zacherybinx,"0,2"
relf87,"0,2"
topbooster,"0,2"
playfulfoodie,"0,2"
felixxx,"0,2"
penguinpablo,"0,2"
zpek,"0,2"
saulos,"0,2"
mosin-nagant,"0,2"
archon-mining,"0,2"
daveyjones7,"0,2"
nupulse,"0,2"
mitag2398,"0,2"
derangedvisions,"0,2"
rmsbodybuilding,"0,2"
ultravioletmag,"0,2"
bernardinetti,"0,2"
cantfoldaces,"0,2"
greddyforce,"0,2"
geekgirl,"0,2"
deerjay,"0,2"
asasiklause,"0,2"
cuvi,"0,2"
mirz,"0,2"
zarus,"0,2"
valera7368,"0,2"
kkingg,"0,2"
giuatt07,"0,2"
artsugar,"0,2"
oxidil,"0,2"
peckypeace,"0,2"
rubido,"0,2"
dora381,"0,2"
zonniasparkle,"0,2"
djjamesblack,"0,2"
eolianpariah,"0,2"
cocacolaron,"0,2"
sreypov,"0,2"
mjvdc,"0,2"
yahia-lababidi,"0,2"
winelay,"0,2"
giantbear,"0,2"
george-dee,"0,2"
onwugbenuvictor,"0,2"
el-dee-are-es,"0,2"
kinggozie,"0,2"
apnigrich,"0,2"
forexbrokr,"0,2"
almightygrim,"0,2"
mecurry,"0,2"
corvidae,"0,2"
wine.bot,"0,2"
robinsonr810,"0,2"
nainaztengra,"0,2"
detlev,"0,2"
bjchem,"0,2"
nitai,"0,2"
josecheocarr,"0,2"
zara09,"0,2"
fermentedphil,"0,2"
josediccus,"0,2"
plantpoweronhive,"0,2"
tibfox,"0,2"
marilour,"0,2"
marblely,"0,2"
thegaillery,"0,2"
yourmarklubbers,"0,2"
iyab,"0,2"
edgarafernandezp,"0,2"
hranhuk,"0,2"
instamental,"0,2"
rupinder,"0,2"
mballesteros,"0,2"
tezmel,"0,2"
phillarecette,"0,2"
ridabutt,"0,2"
gulia.peito,"0,2"
corporateay,"0,2"
erikah,"0,2"
yann0975,"0,2"
offgridlife,"0,2"
foxkoit,"0,2"
lordbutterfly,"0,2"
sandeepp,"0,2"
elizabethbit,"0,2"
boscohage,"0,2"
dalz,"0,2"
lizelle,"0,2"
elmerlin,"0,2"
sachingeorge,"0,19"
hellene8,"0,184"
koosventerza,"0,148"
kuzuri27,"0,148"
shainemata,"0,134"
quelled,"0,131"
squirrelacus,"0,11"
fullcoverbetting,"0,109"
pimptoken,"0,107"
bfciv,"0,101"
karolrodriguez,"0,1"
meitanteikudo,"0,1"
comedyopenmic,"0,1"
maryed,"0,1"
aftabkhan10,"0,1"
lmac,"0,1"
nubra11,"0,1"
curator002,"0,1"
swayzilla,"0,1"
grindle,"0,1"
logiczombie,"0,1"
irfanm,"0,1"
wannabescrapper,"0,1"
aileenvlog,"0,1"
joheredia21,"0,1"
vragolana,"0,1"
cetb2008,"0,1"
firayumni,"0,1"
beecreate,"0,1"
spinvest,"0,1"
not-here,"0,1"
juwel11,"0,1"
soniaanita,"0,1"
victoriacryer,"0,1"
oscargonzalez123,"0,1"
kansuze,"0,1"
mmunited,"0,1"
mayrinicg,"0,1"
avilaluze,"0,1"
yojhany2,"0,1"
antor2024,"0,1"
bravetofu,"0,1"
manuelramos,"0,1"
ckole,"0,1"
sarimanok,"0,1"
yoieuqudniram,"0,1"
tali72,"0,1"
adeyemi12,"0,1"
cryptobeautiful,"0,1"
juliakponsford,"0,1"
raymondspeaks,"0,1"
evagavilan2,"0,1"
shikiphantom,"0,1"
discouragedones,"0,1"
whoaretheyph,"0,1"
aussieninja,"0,1"
putu300,"0,1"
lukeeeyy,"0,1"
florian-glechner,"0,1"
wakeupkitty.pal,"0,1"
netizen01,"0,1"
talon12,"0,1"
namiks,"0,1"
diabtool,"0,1"
mers,"0,1"
emran420,"0,1"
amanda.yrr,"0,1"
durlan,"0,1"
hivehustlers,"0,1"
dannyyung,"0,1"
joalvarez,"0,1"
chinorf,"0,1"
honeysara,"0,1"
aino.tapani,"0,1"
eunice9200,"0,1"
ronkkyb,"0,1"
beautifulbullies,"0,1"
heutorybr,"0,1"
jygy89,"0,1"
etiboy56,"0,1"
jusipassetti,"0,1"
sugarelys,"0,1"
ekads,"0,1"
sevticon,"0,1"
sujatha,"0,1"
lorenzopistolesi,"0,1"
rsntpl,"0,1"
arttraveler,"0,1"
epicdylanblog,"0,1"
lightpen,"0,1"
lobaobh,"0,1"
danifernandez,"0,1"
reinamjp1,"0,1"
zeleiracordero-2,"0,1"
ettydiallova,"0,1"
steemibu351,"0,1"
mmckinneyphoto13,"0,1"
ubani1,"0,1"
harhess,"0,1"
ali456,"0,1"
vheejustin,"0,1"
minismallholding,"0,1"
erelasblog,"0,1"
huzzah,"0,1"
mattsanthonyit,"0,1"
codingdefined,"0,1"
noomer,"0,1"
jhonejhone,"0,1"
lydon.sipe,"0,1"
world-travel-pro,"0,1"
neblomax,"0,1"
ohnoesnelson,"0,1"
davidtron,"0,1"
kira031,"0,1"
votebetting,"0,1"
tsukichan,"0,1"
lovemessages,"0,1"
kotint,"0,1"
monster-curator,"0,1"
atenealgr,"0,1"
zhanavic69,"0,1"
coromoto20,"0,1"
jalabrado,"0,1"
toofasteddie,"0,1"
yasky,"0,1"
wadera,"0,1"
run.vince.run,"0,1"
thebigsweed,"0,1"
lightsoft,"0,1"
gryfno.frelka,"0,1"
harbeex,"0,1"
mttok,"0,1"
aiovo,"0,1"
olubato,"0,1"
nildighonto,"0,1"
rickyislam,"0,1"
utopia-hope,"0,1"
suzana72,"0,1"
wongbraling,"0,1"
flummi97,"0,1"
wakeupkitty,"0,1"
manlikestan,"0,1"
iyiade,"0,1"
vestalmt,"0,1"
blackdovy,"0,1"
mochi3,"0,1"
cmelchor,"0,1"
ladiadema,"0,1"
popcorn88,"0,1"
wuildariablox,"0,1"
v-siniarski,"0,1"
koussbar,"0,1"
mamamyanmar,"0,1"
theduoxplorer,"0,1"
popmanj,"0,1"
atnep111,"0,1"
sonofremi,"0,1"
rosiew,"0,1"
sharklize,"0,1"
astrea,"0,1"
justfavour,"0,1"
metronet,"0,1"
mrhive001,"0,1"
innerblocks,"0,1"
resonator,"0,1"
romualdd,"0,1"
cryptocompany,"0,1"
evgen-xx,"0,1"
esthersanchez,"0,1"
qorizen,"0,1"
borderline.babe,"0,1"
rebet,"0,1"
ackhoo,"0,1"
andy-vibes,"0,1"
devpress,"0,1"
a1-shroom-spores,"0,1"
tibaire,"0,1"
glecerioberto,"0,1"
a-alice,"0,1"
nanast,"0,1"
legalizabrazil,"0,1"
andestethic,"0,1"
lazybug,"0,1"
sbsuperhit123,"0,1"
stevenwood,"0,1"
delilhavores,"0,1"
justinhlee,"0,1"
juberth1983,"0,1"
canirove14,"0,1"
skylinebuds,"0,1"
nilpan,"0,1"
killa33,"0,1"
artemislives,"0,1"
eddwood,"0,1"
engrsayful,"0,1"
sissim72,"0,1"
eirth,"0,1"
tiffaniv,"0,1"
sally-notbright,"0,1"
atomz,"0,1"
damoclesart,"0,1"
dioalfrylarosa,"0,1"
stevescoins,"0,1"
altumns,"0,1"
victorbz,"0,1"
stilizmar,"0,1"
bilidrg,"0,1"
princekeys,"0,1"
varunpinto,"0,1"
archonapp,"0,1"
supremo8369,"0,1"
warlutor,"0,1"
rickyuribe,"0,1"
ga38jem,"0,1"
akida,"0,1"
freedomprepper,"0,1"
alequandro,"0,1"
chekohler,"0,1"
mundomanaure,"0,1"
jephlacson,"0,1"
patrickh,"0,1"
tinman88,"0,1"
wrathata,"0,1"
sheshe12,"0,1"
miljo76,"0,1"
edje,"0,1"
elpatroncito,"0,1"
raistling,"0,1"
subidu,"0,1"
neolife,"0,1"
deanlogic,"0,1"
immanuvel,"0,1"
waverunner,"0,1"
beckybarbie98,"0,1"
shaharyarbaig,"0,1"
foryoubtc09,"0,1"
naupalizmi,"0,1"
violetmed,"0,1"
blackman15,"0,1"
jeremiecapital,"0,1"
seckorama,"0,1"
fausto1997,"0,1"
ydaiznfts,"0,1"
orikkot,"0,1"
sygxwin,"0,1"
kaliphae,"0,1"
jakemathe,"0,1"
latino.romano,"0,1"
kenny-crane,"0,1"
zeezee25,"0,1"
merobe17,"0,1"
slhp,"0,1"
rohanrogue30,"0,1"
samminator,"0,1"
hiveborgminer,"0,1"
amicable1997,"0,1"
cryptoguitar9999,"0,1"
blocktrades,"0,1"
mrtoking,"0,1"
moisessenior,"0,1"
chantrellflu,"0,1"
yusername,"0,1"
arcanelegends,"0,1"
kakilasak,"0,1"
ylich,"0,1"
raymadesi,"0,1"
moviesonhive,"0,1"
por500bolos,"0,1"
hankanon,"0,1"
intishar,"0,1"
feanorgu,"0,1"
nanie.lilla,"0,1"
mdsahin111,"0,1"
gric,"0,1"
ashikstd,"0,1"
dksart,"0,1"
chichi18,"0,1"
juecoree,"0,1"
jose014,"0,1"
yulilemus02,"0,1"
wandrnrose7,"0,1"
mrfraenk,"0,1"
raymondpeter,"0,1"
annnngela,"0,1"
nelson-george,"0,1"
gabox,"0,1"
mcfarhat,"0,1"
sofs-su,"0,1"
ekc88,"0,1"
diegoameerali,"0,1"
allentaylor,"0,1"
poetation,"0,1"
marcosmilano71,"0,1"
joselouis,"0,1"
eatthebugs,"0,1"
ephemrl.wisteria,"0,1"
janettbrito76,"0,1"
everydaywithelle,"0,1"
diyan3973lenkov,"0,1"
chaininsurance,"0,1"
torem-di-torem,"0,1"
universoperdido,"0,1"
iammikeeken,"0,1"
crptogeek,"0,1"
richie8012,"0,1"
lion-bull,"0,1"
cami.rojas,"0,1"
ninnu,"0,1"
wrsd54,"0,1"
bengy,"0,1"
cocaaladioxine,"0,1"
ayanfeoluwa91,"0,1"
refberliant,"0,1"
phasewalker,"0,1"
mimi05,"0,1"
nafonticer,"0,1"
elfino28,"0,1"
kooza,"0,1"
iliyan90,"0,1"
assegai,"0,1"
tfranzini,"0,1"
speedtuning,"0,1"
albiro2050,"0,1"
teknon,"0,1"
yolimarag,"0,1"
draysax,"0,1"
xmauron3,"0,1"
youyowi,"0,1"
imargasa,"0,1"
sweetest,"0,1"
misterengagement,"0,1"
suyenhb03,"0,1"
rexydayz,"0,1"
nikv,"0,1"
ross92,"0,1"
cindynancy,"0,1"
juliansokto,"0,1"
patsitivity,"0,1"
sondershausen,"0,1"
aljif7,"0,1"
splashon,"0,1"
royalpeek,"0,1"
rafa-noor,"0,1"
jongcl,"0,1"
chessbrotherspro,"0,1"
mdaminulislam,"0,1"
sishi,"0,1"
keritroberts,"0,1"
builderofcastles,"0,1"
mangolatte,"0,1"
sayago,"0,1"
ashtv,"0,1"
roamingsparrow,"0,1"
growandbow,"0,1"
artgirl,"0,1"
ileart,"0,1"
crisch23,"0,1"
gr33nm4ster,"0,1"
yingtaew,"0,1"
ricardo993,"0,1"
mclarenf11,"0,1"
jonalyn2020,"0,1"
juliamulcahy,"0,1"
drakernoise,"0,1"
gigi8,"0,1"
pixaroma,"0,1"
lordshah,"0,1"
mryoung1979,"0,1"
pinkman45,"0,1"
kellymarie,"0,1"
sarunya,"0,1"
bang-defense,"0,1"
vrezyy,"0,1"
borjan,"0,1"
anggreklestari,"0,1"
distopia4444,"0,1"
laritheghost,"0,1"
planoastral-2,"0,1"
lindiekay,"0,1"
wnfdiary,"0,1"
urri2020,"0,1"
aksurevm89,"0,1"
lorenart,"0,1"
annacarstairs,"0,1"
wbrandt,"0,1"
grisvisa,"0,1"
unorgmilitia,"0,1"
hatta-bragoe,"0,1"
musicandreview,"0,1"
guiltyparties,"0,1"
sammy00,"0,1"
mimi22,"0,1"
yahialababidi,"0,1"
jorgebgt,"0,1"
ganya.grak,"0,1"
thelogicaldude,"0,1"
ura-soul,"0,1"
fifay,"0,1"
senorcoconut,"0,1"
afridany1,"0,1"
nowa,"0,1"
ketsuma,"0,1"
ramaco54,"0,1"
katiuskamata,"0,1"
yusma21,"0,1"
adreesjan,"0,1"
callmenana,"0,1"
minnoowboster,"0,1"
cjstar,"0,1"
iamvasanth,"0,1"
graciousvic,"0,1"
akioexzgamer,"0,1"
neoxiancity,"0,1"
gangstalking,"0,1"
azka-amillia,"0,1"
amat,"0,1"
d-goddess,"0,1"
minhajulmredol,"0,1"
th4488,"0,1"
gurbuzd,"0,1"
yiobri,"0,1"
viviehardika,"0,1"
mayifiestas,"0,1"
lanoican,"0,1"
chrisaiki,"0,1"
stefannikolov,"0,1"
goodysam,"0,1"
betterthanhome,"0,1"
fightman,"0,1"
mauro1993,"0,1"
trangbaby,"0,1"
yayan,"0,1"
justinparke,"0,1"
uthantzin,"0,1"
lordavatarii,"0,1"
kommienezuspadt,"0,1"
matthewbox,"0,1"
kaycooks,"0,1"
gigihii03,"0,1"
masterkenneth,"0,1"
lina1976,"0,1"
leeart,"0,1"
rimicane,"0,1"
balvinder294,"0,1"
akazu,"0,1"
oceanbee,"0,1"
alexa.art,"0,1"
pictz,"0,1"
burn950,"0,1"
marcelita,"0,1"
danezca,"0,1"
artscience,"0,1"
lexi01,"0,1"
makue,"0,1"
rocio03,"0,1"
emmysparkpro,"0,1"
nkechi,"0,1"
akshayambrose,"0,1"
cinetv,"0,1"
andr3apat1no,"0,1"
lukewearechange,"0,1"
bdmillergallery,"0,1"
sourcenoy,"0,1"
magnacarta,"0,1"
elemarg25,"0,1"
gringo211985,"0,1"
clareartista,"0,1"
captainloken,"0,1"
wkm,"0,1"
francescaffnodi,"0,1"
ujka-vs,"0,1"
scig,"0,1"
maxdevalue,"0,1"
pab.ink,"0,1"
wesp05,"0,1"
amam01,"0,1"
mermaidvampire,"0,1"
artsofmarynowski,"0,1"
kwsnomzys,"0,1"
biggmusic,"0,1"
barge,"0,1"
hepziba,"0,1"
rammargarita,"0,1"
pjpavan,"0,1"
new.aaron,"0,1"
muba04,"0,1"
nahupuku,"0,1"
emmaba1,"0,1"
germanandradeg,"0,1"
mukund123,"0,1"
chicken-craft,"0,1"
growingmyownfood,"0,1"
isaiahjerry,"0,1"
ginnungagap,"0,1"
earnfreecrypto,"0,1"
charlie80,"0,1"
vickky33,"0,1"
luckydrums,"0,1"
nathy33,"0,1"
seanelle08,"0,1"
eltony,"0,1"
vincentnijman,"0,1"
themyscira,"0,1"
ggbits,"0,1"
badbitch,"0,1"
fatherfaith,"0,1"
magsdiasilva,"0,1"
maruskina,"0,1"
justtalking,"0,1"
soychalbed,"0,1"
freeksanatra,"0,1"
halim-sbd,"0,1"
laughingdesert,"0,1"
ladiesofhive,"0,1"
dagobert007,"0,1"
musicuniversity,"0,1"
ridwanms,"0,1"
smilejerry,"0,1"
wanderingkat,"0,1"
yangyanje,"0,1"
khaimi,"0,1"
muterra,"0,1"
anitaricop,"0,1"
cesarj21,"0,1"
fruityfruitz,"0,1"
jonnybuzz,"0,1"
theneohippy,"0,1"
kirlos,"0,1"
adamsmats,"0,1"
skylils,"0,1"
theorosa,"0,1"
chatsunny,"0,1"
iamdarrenclaxton,"0,1"
opidia,"0,1"
elamental,"0,1"
teesart,"0,1"
wesquin703,"0,1"
steemityourway,"0,1"
mintymile,"0,1"
thomashnblum,"0,1"
olesya1989,"0,1"
triplug,"0,1"
esecaleb1,"0,1"
stader,"0,1"
idmr500,"0,1"
alteramelia,"0,1"
mariaced,"0,1"
uglykillerpigz,"0,1"
yuki-nee,"0,1"
opochtli,"0,1"
lhorgical,"0,1"
myklovenotwar,"0,1"
hira.rauf,"0,1"
mikezillo,"0,1"
czetrina21,"0,1"
hive-137094,"0,1"
lenifitria,"0,1"
albarz,"0,1"
lilemka,"0,1"
fernandoylet,"0,1"
awardedguide,"0,1"
aadilmir,"0,1"
oluwadebby,"0,1"
sethu,"0,1"
vini0,"0,1"
weonhive,"0,1"
albuslucimus,"0,1"
cowboyzlegend27,"0,1"
faturpasee,"0,1"
michelmake,"0,1"
gniksivart,"0,1"
katirayo,"0,1"
netvalar,"0,1"
diavolo55,"0,1"
meroom,"0,1"
anitahorvatirl,"0,1"
rimasx,"0,1"
lizablove,"0,1"
dodovietnam,"0,1"
faisalimmer,"0,1"
yidneth,"0,1"
maykk,"0,1"
cositahermosa,"0,1"
binarusso,"0,1"
boboman,"0,1"
liketu,"0,1"
alfamano,"0,1"
mnzie01,"0,1"
daring-celt,"0,1"
joseitosanchezs,"0,1"
alexbb9700,"0,1"
papa-pepper,"0,1"
yogajill,"0,1"
jaguarosky,"0,1"
jesuslavid,"0,1"
samsonbrown120,"0,1"
ruthf,"0,1"
mo-zealah,"0,1"
sports.guy55,"0,1"
xsasj,"0,1"
phyowinkoko.blog,"0,1"
sirsnorfkin,"0,1"
dusunenkalpp,"0,1"
julianhorack,"0,1"
imgm30,"0,1"
spectrumecons,"0,1"
peerfaizan1,"0,1"
oldsoulnewb,"0,1"
renata96,"0,1"
shelaynefico,"0,1"
erica005,"0,1"
daydreamerr,"0,1"
hiro-hive,"0,1"
ecency-star,"0,1"
sagesigma,"0,1"
androshchuk,"0,1"
ferrate,"0,1"
mrf83,"0,1"
tych021,"0,1"
aiydee,"0,1"
keltickings,"0,1"
innovator05,"0,1"
estherscott,"0,1"
jacksonchakma,"0,1"
chess-mex,"0,1"
parkerlee,"0,1"
harryjoe5432,"0,1"
bryan-9090,"0,1"
hiveghost,"0,1"
mystic0601,"0,1"
joseluis91,"0,1"
rodnellys31,"0,1"
crescendoofpeace,"0,1"
profgabs05,"0,1"
khaleelkazi,"0,1"
hive-118554,"0,1"
urun,"0,1"
brume7,"0,1"
abbak7,"0,1"
wito7,"0,1"
kattycrochet,"0,1"
alexvanaken,"0,1"
mobi72,"0,1"
haccolong,"0,1"
trend-setter,"0,1"
life-hacker,"0,1"
ajanaku,"0,1"
isacat,"0,1"
tipsybosphorus,"0,1"
sheikhzaman,"0,1"
coffeedrinker112,"0,1"
victor8,"0,1"
galacti21,"0,1"
queenmountain,"0,1"
steemmatt,"0,1"
keisslermt,"0,1"
thomaskim,"0,1"
bustillo,"0,1"
a-l-e-x,"0,1"
gysmo,"0,1"
r2cornell,"0,1"
krassi,"0,1"
wadeo007,"0,1"
beatking13,"0,1"
qsett,"0,1"
farahikram,"0,1"
tormenta,"0,1"
hivebits.mine,"0,1"
dylanhobalart,"0,1"
kingnamazu09,"0,1"
mcluz,"0,1"
maxer27,"0,1"
attom1515,"0,1"
scrooger,"0,1"
blapzer,"0,1"
theimpostor,"0,1"
axel-mccornstack,"0,1"
johnbenn,"0,1"
j85063,"0,1"
justonehope,"0,1"
nadin-zakrevska,"0,1"
florecitamejias,"0,1"
wifemomlife,"0,1"
ratel,"0,1"
hivegc,"0,1"
temibot,"0,1"
amazing-grace,"0,1"
meraz01,"0,1"
daphvaldez,"0,1"
hdprinter,"0,1"
kalabiri,"0,1"
jerryr123,"0,1"
kronias,"0,1"
xheadhunterz,"0,1"
jeny.suona,"0,1"
donnadavisart,"0,1"
mrs.jamirul,"0,1"
steem-muksal,"0,1"
carolynstahl,"0,1"
heypuch,"0,1"
vvgm,"0,1"
theastone,"0,1"
emomo,"0,1"
brianhuang,"0,1"
queenmeiko22,"0,1"
davidke20,"0,1"
jbtc19warrior,"0,1"
purishev,"0,1"
ifywise,"0,1"
andre.btc,"0,1"
vheekthorjay,"0,1"
parmakov61,"0,1"
mrhill,"0,1"
sirsmokesalot96,"0,1"
ssjsasha,"0,1"
kiilders,"0,1"
joshman,"0,1"
okluvmee,"0,1"
elvielins,"0,1"
joelagbo,"0,1"
francisx1,"0,1"
haveyaheard,"0,1"
poderart,"0,1"
lifewithera,"0,1"
mr-niftee,"0,1"
edsonom,"0,1"
adeyemijan,"0,1"
khazrakh,"0,1"
hiveupme,"0,1"
takiart,"0,1"
spanish-tribe,"0,1"
silentbot,"0,1"
twirble,"0,1"
muhammadrian14,"0,1"
whickey,"0,1"
omra-sky,"0,1"
magooz,"0,1"
juancar347,"0,1"
mich.brmey,"0,1"
mr-house,"0,1"
dagger212,"0,1"
hironakamura,"0,1"
davidteichmann95,"0,1"
emrysjobber,"0,1"
kachinhenry,"0,1"
anthonyadavisii,"0,1"
franchalad,"0,1"
preshynice,"0,1"
mara116,"0,1"
saulmarquez,"0,1"
petra67,"0,1"
pfshorts,"0,1"
freemoneyy,"0,1"
thechivalry,"0,1"
linex87,"0,1"
ragebunny,"0,1"
india-leo,"0,1"
riccc96,"0,1"
deveter,"0,1"
adonisr,"0,1"
kdelvaeg,"0,1"
fedesox,"0,1"
cesarmarcano,"0,1"
michupa,"0,1"
jackyng,"0,1"
thetrader11,"0,1"
vcelier,"0,1"
adetorrent,"0,1"
dorimar,"0,1"
angelrey199026,"0,1"
menoski,"0,1"
perfal,"0,1"
joelbrain,"0,1"
suponechit,"0,1"
byvonat,"0,1"
kenny.rogers,"0,1"
debby01,"0,1"
juditka,"0,1"
psfran,"0,1"
ifiwasfrank,"0,1"
tiana-geo,"0,1"
imarivic,"0,1"
plantstoplanks,"0,1"
hive-161465,"0,1"
duvinca,"0,1"
theacks,"0,1"
indignantgerald,"0,1"
neruel,"0,1"
jazz05,"0,1"
cajiro,"0,1"
lasseehlers,"0,1"
nigerian-yogagal,"0,1"
mynatasha,"0,1"
skuration,"0,1"
soulful.relating,"0,1"
krueger053,"0,1"
emmilee,"0,1"
evgenios,"0,1"
goodguy21,"0,1"
humbledwriter,"0,1"
anderson69,"0,1"
markwhittam,"0,1"
dzoji,"0,1"
myopa,"0,1"
amico.sports,"0,1"
ezrider,"0,1"
janetedita,"0,1"
carmary,"0,1"
mengao,"0,1"
ekachiyuni,"0,1"
hivegem,"0,1"
meesterboom,"0,1"
beautifulwreck,"0,1"
silverstar1,"0,1"
dante31,"0,1"
gledysvasquez,"0,1"
josemalavem,"0,1"
ksteem,"0,1"
beatzchain,"0,1"
sketch.and.jam,"0,1"
qwerrie,"0,1"
a0i,"0,1"
mitkoy,"0,1"
atyourservice,"0,1"
patjules83,"0,1"
juanrojas05,"0,1"
spt-skillup,"0,1"
honusurf,"0,1"
golden.future,"0,1"
mikjaja,"0,1"
gone-hive,"0,1"
zdigital222,"0,1"
jrluisgomez,"0,1"
modifiers,"0,1"
mariaogliastre,"0,1"
ivanslait,"0,1"
yetsimar,"0,1"
zorank,"0,1"
cookwithmony,"0,1"
galistea,"0,1"
kinab,"0,1"
kedi,"0,1"
nellynohemi,"0,1"
lyra-b,"0,1"
fixie,"0,1"
blackalbino1,"0,1"
anikearn,"0,1"
robotics101,"0,1"
marysenpai,"0,1"
giorgiamolinaro,"0,1"
rupert123,"0,1"
pipoune,"0,1"
digitalis,"0,1"
pondravo,"0,1"
torbil,"0,1"
dayna199019,"0,1"
erilej,"0,1"
olivia08,"0,1"
stimular,"0,1"
tani10097,"0,1"
themountainsheep,"0,1"
alexey1976,"0,1"
zottonetoken,"0,1"
luna1999,"0,1"
ilysarazom,"0,1"
hazmat,"0,1"
pablodare2,"0,1"
polarmystro,"0,1"
ravhiel11,"0,1"
wirago,"0,1"
stayoutoftherz,"0,1"
luisfe,"0,1"
intrepidthinker,"0,1"
olawalium,"0,1"
maxs33,"0,1"
thealbytross,"0,1"
epicur0,"0,1"
geronimamunoz,"0,1"
aurikan,"0,1"
steliosfan,"0,1"
rondonshneezy,"0,1"
kinrun,"0,1"
acansa2,"0,1"
jazzy09,"0,1"
xykorlz,"0,1"
asrullpare,"0,1"
sequentialvibe,"0,1"
cryptomaster5,"0,1"
chosenfingers,"0,1"
xpsihx,"0,1"
eminentsam48,"0,1"
foxnight,"0,1"
choism,"0,1"
farahtheawesome1,"0,1"
ryo-6414,"0,1"
hive-124452,"0,1"
marcoquin,"0,1"
momins,"0,1"
enmy,"0,1"
liveofdalla,"0,1"
ourpick,"0,1"
nusrat01,"0,1"
daiduong008,"0,1"
antoniojoseha,"0,1"
freemonster,"0,1"
anita107,"0,1"
cmmemes,"0,1"
melindha,"0,1"
kisscsanadd,"0,1"
synrg,"0,1"
tamaralovelace,"0,1"
jeniffer23,"0,1"
josueprime,"0,1"
henster,"0,1"
medaymane,"0,1"
afonka,"0,1"
isag,"0,1"
johnweed,"0,1"
cursephantom,"0,1"
pair,"0,1"
gorayii,"0,1"
loonatic,"0,1"
gbemikingz,"0,1"
tykee,"0,1"
steemadi,"0,1"
dark-rose,"0,1"
cve3,"0,1"
dwulf,"0,1"
zacnative,"0,1"
condeas,"0,1"
marito74,"0,1"
beast855,"0,1"
nas5423,"0,1"
leaky20,"0,1"
peak-monsters,"0,1"
sofathana,"0,1"
lingkar-photo,"0,1"
projectburner,"0,1"
donzer,"0,1"
matimath,"0,1"
jats-0,"0,1"
brown20s,"0,1"
adaggi,"0,1"
yanipetkov,"0,1"
rxhector,"0,1"
edugomal,"0,1"
ctrpch,"0,1"
dwayne16,"0,1"
seattlea,"0,1"
andrewmarkmusic,"0,1"
aarin-adebiyi,"0,1"
adam-lucas,"0,1"
viktoriaaa,"0,1"
artmom,"0,1"
alechi,"0,1"
warpedpoetic,"0,1"
lordneroo,"0,1"
kryptik.tigrrr3d,"0,1"
evelynchacin,"0,1"
spknetwork,"0,1"
garlet,"0,1"
kimloan,"0,1"
soysofia,"0,1"
meheryab,"0,1"
carlossteele,"0,1"
birdbanter,"0,1"
allmonitors,"0,1"
rodia71,"0,1"
phaeton,"0,1"
nathanpieters,"0,1"
timoremoti,"0,1"
cekguryan,"0,1"
pishio,"0,1"
jessihollander,"0,1"
faith65,"0,1"
lemeonna,"0,1"
creativemary,"0,1"
merine,"0,1"
ferdaa,"0,1"
jontv,"0,1"
zxoblack,"0,1"
aurodivys,"0,1"
andreaag21,"0,1"
sephiwolf,"0,1"
goldmark45,"0,1"
petymora17,"0,1"
devania,"0,1"
kballories011,"0,1"
rmando,"0,1"
emeka002,"0,1"
dogancankilment,"0,1"
globalcurrencies,"0,1"
jorgelist,"0,1"
mr-gabriel,"0,1"
camila-jhon,"0,1"
makerpra,"0,1"
minhaz007,"0,1"
jerryzikko,"0,1"
kotenoke,"0,097"
solairitas,"0,082"
giantcrabster,"0,067"
rawwreckedem,"0,066"
zatsuchan,"0,065"
desro,"0,057"
laxyasaru,"0,035"
kqaosphreak,"0,025"
bilpcoinbot2,"0,022"
benniebuttons,"0,016"
tuwailib,"0,0146"
brisby,"0,006"
steemstreems,"0,0038"
urkanon,"0,001"
megaela,"0,0006"
frodobaggins,"0,0005"
